{"cameraMode":{"drawMode":0,"name":"Shaded","section":"Shading Mode"},"sceneLighting":true,"audioPlay":false,"sceneViewState":{"m_AlwaysRefresh":false,"showFog":true,"showSkybox":true,"showFlares":true,"showImageEffects":true,"showParticleSystems":true,"showVisualEffectGraphs":true,"m_FxEnabled":true},"in2DMode":false,"pivot":{"x":-8.824067115783692,"y":-5.5619306564331059,"z":7.2384209632873539},"rotation":{"x":-0.10389397293329239,"y":0.8608330488204956,"z":-0.4583936929702759,"w":-0.19510656595230103},"size":15.675056457519532,"orthographic":false}